county,id,ruca_code,ruca_class
Alamance County,37001020100,1,urban
Alamance County,37001020200,1,urban
Alamance County,37001020300,1,urban
Alamance County,37001020400,1,urban
Alamance County,37001020501,1,urban
Alamance County,37001020502,1,urban
Alamance County,37001020601,1,urban
Alamance County,37001020602,1,urban
Alamance County,37001020701,1,urban
Alamance County,37001020702,1,urban
Alamance County,37001020801,1,urban
Alamance County,37001020802,1,urban
Alamance County,37001020901,1,urban
Alamance County,37001020902,1,urban
Alamance County,37001021000,1,urban
Alamance County,37001021101,1,urban
Alamance County,37001021102,1,urban
Alamance County,37001021201,1,urban
Alamance County,37001021204,1,urban
Alamance County,37001021205,1,urban
Alamance County,37001021206,1,urban
Alamance County,37001021207,1,urban
Alamance County,37001021300,2,urban
Alamance County,37001021400,2,urban
Alamance County,37001021500,2,urban
Alamance County,37001021600,1,urban
Alamance County,37001021701,1,urban
Alamance County,37001021702,1,urban
Alamance County,37001021703,1,urban
Alamance County,37001021801,2,urban
Alamance County,37001021802,2,urban
Alamance County,37001021803,2,urban
Alamance County,37001021901,2,urban
Alamance County,37001021902,2,urban
Alamance County,37001022001,2,urban
Alamance County,37001022002,2,urban
Alexander County,37003040100,3,suburban
Alexander County,37003040200,2,urban
Alexander County,37003040300,2,urban
Alexander County,37003040400,2,urban
Alexander County,37003040500,2,urban
Alexander County,37003040600,2,urban
Alexander County,37003040700,1,urban
Alleghany County,37005950100,10,rural
Alleghany County,37005950200,10,rural
Alleghany County,37005950300,10,rural
Anson County,37007920100,2,urban
Anson County,37007920200,10,rural
Anson County,37007920300,2,urban
Anson County,37007920400,2,urban
Anson County,37007920500,2,urban
Anson County,37007920600,2,urban
Ashe County,37009970200,8,rural
Ashe County,37009970300,8,rural
Ashe County,37009970400,7,rural
Ashe County,37009970500,7,rural
Ashe County,37009970700,8,rural
Ashe County,37009970800,8,rural
Avery County,37011930100,10,rural
Avery County,37011930200,10,rural
Avery County,37011930301,10,rural
Avery County,37011930302,10,rural
Avery County,37011930400,7,rural
Beaufort County,37013930100,10,rural
Beaufort County,37013930200,5,suburban
Beaufort County,37013930300,4,suburban
Beaufort County,37013930400,4,suburban
Beaufort County,37013930501,4,suburban
Beaufort County,37013930502,4,suburban
Beaufort County,37013930600,5,suburban
Beaufort County,37013930700,5,suburban
Beaufort County,37013930800,10,rural
Beaufort County,37013930900,5,suburban
Beaufort County,37013931000,2,urban
Bertie County,37015960100,9,rural
Bertie County,37015960200,9,rural
Bertie County,37015960300,10,rural
Bertie County,37015960400,7,rural
Bladen County,37017950100,10,rural
Bladen County,37017950200,8,rural
Bladen County,37017950300,2,urban
Bladen County,37017950400,7,rural
Bladen County,37017950500,10,rural
Bladen County,37017950600,9,rural
Brunswick County,37019020101,2,urban
Brunswick County,37019020102,1,urban
Brunswick County,37019020103,1,urban
Brunswick County,37019020104,1,urban
Brunswick County,37019020201,1,urban
Brunswick County,37019020202,1,urban
Brunswick County,37019020203,2,urban
Brunswick County,37019020204,4,suburban
Brunswick County,37019020303,5,suburban
Brunswick County,37019020304,4,suburban
Brunswick County,37019020305,4,suburban
Brunswick County,37019020306,4,suburban
Brunswick County,37019020307,10,rural
Brunswick County,37019020308,4,suburban
Brunswick County,37019020309,4,suburban
Brunswick County,37019020310,4,suburban
Brunswick County,37019020402,7,rural
Brunswick County,37019020403,7,rural
Brunswick County,37019020404,3,suburban
Brunswick County,37019020405,10,rural
Brunswick County,37019020504,1,urban
Brunswick County,37019020505,2,urban
Brunswick County,37019020506,1,urban
Brunswick County,37019020507,1,urban
Brunswick County,37019020508,1,urban
Brunswick County,37019020509,1,urban
Brunswick County,37019020510,1,urban
Brunswick County,37019020511,1,urban
Brunswick County,37019020512,1,urban
Brunswick County,37019020601,2,urban
Brunswick County,37019020602,2,urban
Brunswick County,37019020603,10,rural
Brunswick County,37019990100,10,rural
Buncombe County,37021000100,1,urban
Buncombe County,37021000200,1,urban
Buncombe County,37021000300,1,urban
Buncombe County,37021000400,1,urban
Buncombe County,37021000500,1,urban
Buncombe County,37021000600,1,urban
Buncombe County,37021000700,1,urban
Buncombe County,37021000800,1,urban
Buncombe County,37021000900,1,urban
Buncombe County,37021001000,1,urban
Buncombe County,37021001100,1,urban
Buncombe County,37021001200,1,urban
Buncombe County,37021001300,1,urban
Buncombe County,37021001400,1,urban
Buncombe County,37021001500,1,urban
Buncombe County,37021001600,1,urban
Buncombe County,37021001700,1,urban
Buncombe County,37021001801,1,urban
Buncombe County,37021001802,1,urban
Buncombe County,37021001900,1,urban
Buncombe County,37021002000,1,urban
Buncombe County,37021002101,1,urban
Buncombe County,37021002102,1,urban
Buncombe County,37021002203,1,urban
Buncombe County,37021002204,1,urban
Buncombe County,37021002205,1,urban
Buncombe County,37021002206,1,urban
Buncombe County,37021002301,1,urban
Buncombe County,37021002302,1,urban
Buncombe County,37021002401,2,urban
Buncombe County,37021002402,1,urban
Buncombe County,37021002503,1,urban
Buncombe County,37021002504,1,urban
Buncombe County,37021002505,1,urban
Buncombe County,37021002506,1,urban
Buncombe County,37021002603,2,urban
Buncombe County,37021002604,2,urban
Buncombe County,37021002605,1,urban
Buncombe County,37021002606,1,urban
Buncombe County,37021002607,1,urban
Buncombe County,37021002701,1,urban
Buncombe County,37021002702,1,urban
Buncombe County,37021002703,1,urban
Buncombe County,37021002803,1,urban
Buncombe County,37021002804,1,urban
Buncombe County,37021002900,2,urban
Buncombe County,37021003001,1,urban
Buncombe County,37021003002,1,urban
Buncombe County,37021003102,1,urban
Buncombe County,37021003103,1,urban
Buncombe County,37021003104,1,urban
Buncombe County,37021003201,1,urban
Buncombe County,37021003202,1,urban
Buncombe County,37021003203,1,urban
Buncombe County,37021003204,2,urban
Buncombe County,37021003205,2,urban
Burke County,37023020100,2,urban
Burke County,37023020201,2,urban
Burke County,37023020202,1,urban
Burke County,37023020301,1,urban
Burke County,37023020302,2,urban
Burke County,37023020500,1,urban
Burke County,37023020600,1,urban
Burke County,37023020801,1,urban
Burke County,37023020802,1,urban
Burke County,37023020900,1,urban
Burke County,37023021000,1,urban
Burke County,37023021100,1,urban
Burke County,37023021201,2,urban
Burke County,37023021202,1,urban
Burke County,37023021203,2,urban
Burke County,37023021301,1,urban
Burke County,37023021302,2,urban
Burke County,37023021400,1,urban
Cabarrus County,37025040500,1,urban
Cabarrus County,37025040600,2,urban
Cabarrus County,37025040701,1,urban
Cabarrus County,37025040702,1,urban
Cabarrus County,37025040703,1,urban
Cabarrus County,37025040800,1,urban
Cabarrus County,37025040900,1,urban
Cabarrus County,37025041000,1,urban
Cabarrus County,37025041100,1,urban
Cabarrus County,37025041200,1,urban
Cabarrus County,37025041301,2,urban
Cabarrus County,37025041302,1,urban
Cabarrus County,37025041303,1,urban
Cabarrus County,37025041501,1,urban
Cabarrus County,37025041502,1,urban
Cabarrus County,37025041503,1,urban
Cabarrus County,37025041601,2,urban
Cabarrus County,37025041602,2,urban
Cabarrus County,37025041701,2,urban
Cabarrus County,37025041702,2,urban
Cabarrus County,37025041901,1,urban
Cabarrus County,37025041902,1,urban
Cabarrus County,37025042000,1,urban
Cabarrus County,37025042101,1,urban
Cabarrus County,37025042102,1,urban
Cabarrus County,37025042200,1,urban
Cabarrus County,37025042300,1,urban
Cabarrus County,37025042401,1,urban
Cabarrus County,37025042402,1,urban
Cabarrus County,37025042501,1,urban
Cabarrus County,37025042502,1,urban
Cabarrus County,37025042503,1,urban
Cabarrus County,37025042504,1,urban
Cabarrus County,37025042601,1,urban
Cabarrus County,37025042602,1,urban
Cabarrus County,37025042603,1,urban
Cabarrus County,37025042604,1,urban
Caldwell County,37027030100,1,urban
Caldwell County,37027030200,1,urban
Caldwell County,37027030300,1,urban
Caldwell County,37027030400,1,urban
Caldwell County,37027030500,1,urban
Caldwell County,37027030600,1,urban
Caldwell County,37027030700,1,urban
Caldwell County,37027030800,1,urban
Caldwell County,37027030900,2,urban
Caldwell County,37027031000,2,urban
Caldwell County,37027031100,2,urban
Caldwell County,37027031201,2,urban
Caldwell County,37027031202,1,urban
Caldwell County,37027031300,1,urban
Caldwell County,37027031401,1,urban
Caldwell County,37027031402,1,urban
Caldwell County,37027031403,1,urban
Camden County,37029950101,2,urban
Camden County,37029950102,2,urban
Carteret County,37031970101,10,rural
Carteret County,37031970102,5,suburban
Carteret County,37031970103,5,suburban
Carteret County,37031970200,5,suburban
Carteret County,37031970301,4,suburban
Carteret County,37031970302,4,suburban
Carteret County,37031970303,4,suburban
Carteret County,37031970304,4,suburban
Carteret County,37031970401,4,suburban
Carteret County,37031970402,4,suburban
Carteret County,37031970403,4,suburban
Carteret County,37031970501,4,suburban
Carteret County,37031970502,4,suburban
Carteret County,37031970503,4,suburban
Carteret County,37031970504,4,suburban
Carteret County,37031970601,4,suburban
Carteret County,37031970602,4,suburban
Carteret County,37031970603,4,suburban
Carteret County,37031970604,4,suburban
Carteret County,37031970605,4,suburban
Carteret County,37031970701,4,suburban
Carteret County,37031970702,5,suburban
Carteret County,37031970703,4,suburban
Carteret County,37031970704,5,suburban
Carteret County,37031970801,6,rural
Carteret County,37031970802,4,suburban
Carteret County,37031970803,4,suburban
Carteret County,37031970804,4,suburban
Carteret County,37031970805,5,suburban
Carteret County,37031970901,4,suburban
Carteret County,37031970902,4,suburban
Carteret County,37031970903,4,suburban
Carteret County,37031971001,4,suburban
Carteret County,37031971002,4,suburban
Carteret County,37031971101,4,suburban
Carteret County,37031971102,4,suburban
Carteret County,37031980100,10,rural
Carteret County,37031990100,4,suburban
Carteret County,37031990200,99,rural
Caswell County,37033930100,5,suburban
Caswell County,37033930200,10,rural
Caswell County,37033930300,5,suburban
Caswell County,37033930400,3,suburban
Caswell County,37033930500,2,urban
Caswell County,37033930600,2,urban
Catawba County,37035010101,2,urban
Catawba County,37035010102,1,urban
Catawba County,37035010201,1,urban
Catawba County,37035010202,1,urban
Catawba County,37035010301,1,urban
Catawba County,37035010302,1,urban
Catawba County,37035010303,1,urban
Catawba County,37035010304,1,urban
Catawba County,37035010401,1,urban
Catawba County,37035010402,1,urban
Catawba County,37035010501,1,urban
Catawba County,37035010502,1,urban
Catawba County,37035010600,1,urban
Catawba County,37035010700,1,urban
Catawba County,37035010900,1,urban
Catawba County,37035011000,1,urban
Catawba County,37035011101,1,urban
Catawba County,37035011102,1,urban
Catawba County,37035011200,1,urban
Catawba County,37035011300,1,urban
Catawba County,37035011401,1,urban
Catawba County,37035011402,2,urban
Catawba County,37035011501,2,urban
Catawba County,37035011503,2,urban
Catawba County,37035011504,2,urban
Catawba County,37035011601,1,urban
Catawba County,37035011602,2,urban
Catawba County,37035011701,1,urban
Catawba County,37035011702,2,urban
Catawba County,37035011801,1,urban
Catawba County,37035011802,2,urban
Chatham County,37037020103,1,urban
Chatham County,37037020104,7,rural
Chatham County,37037020105,1,urban
Chatham County,37037020106,2,urban
Chatham County,37037020200,9,rural
Chatham County,37037020300,8,rural
Chatham County,37037020401,7,rural
Chatham County,37037020402,7,rural
Chatham County,37037020500,9,rural
Chatham County,37037020600,9,rural
Chatham County,37037020701,1,urban
Chatham County,37037020702,2,urban
Chatham County,37037020800,7,rural
Cherokee County,37039930100,10,rural
Cherokee County,37039930200,10,rural
Cherokee County,37039930300,10,rural
Cherokee County,37039930400,10,rural
Cherokee County,37039930500,10,rural
Cherokee County,37039930601,10,rural
Cherokee County,37039930602,10,rural
Chowan County,37041930101,7,rural
Chowan County,37041930102,10,rural
Chowan County,37041930200,10,rural
Clay County,37043950100,10,rural
Clay County,37043950200,10,rural
Cleveland County,37045950101,6,rural
Cleveland County,37045950102,6,rural
Cleveland County,37045950200,5,suburban
Cleveland County,37045950301,5,suburban
Cleveland County,37045950302,2,urban
Cleveland County,37045950400,1,urban
Cleveland County,37045950500,1,urban
Cleveland County,37045950601,1,urban
Cleveland County,37045950602,2,urban
Cleveland County,37045950700,4,suburban
Cleveland County,37045950800,4,suburban
Cleveland County,37045950900,4,suburban
Cleveland County,37045951000,4,suburban
Cleveland County,37045951100,4,suburban
Cleveland County,37045951200,4,suburban
Cleveland County,37045951300,5,suburban
Cleveland County,37045951400,5,suburban
Cleveland County,37045951501,5,suburban
Cleveland County,37045951502,6,rural
Cleveland County,37045951503,5,suburban
Cleveland County,37045951601,5,suburban
Cleveland County,37045951602,4,suburban
Columbus County,37047930100,2,urban
Columbus County,37047930200,2,urban
Columbus County,37047930300,3,suburban
Columbus County,37047930400,8,rural
Columbus County,37047930500,2,urban
Columbus County,37047930600,3,suburban
Columbus County,37047930700,8,rural
Columbus County,37047930800,7,rural
Columbus County,37047930900,7,rural
Columbus County,37047931000,7,rural
Columbus County,37047931100,3,suburban
Columbus County,37047931200,2,urban
Columbus County,37047931300,2,urban
Craven County,37049960101,2,urban
Craven County,37049960102,1,urban
Craven County,37049960200,2,urban
Craven County,37049960300,2,urban
Craven County,37049960401,1,urban
Craven County,37049960402,1,urban
Craven County,37049960403,1,urban
Craven County,37049960404,1,urban
Craven County,37049960500,1,urban
Craven County,37049960600,1,urban
Craven County,37049960700,1,urban
Craven County,37049960800,1,urban
Craven County,37049960900,1,urban
Craven County,37049961001,1,urban
Craven County,37049961002,1,urban
Craven County,37049961100,4,suburban
Craven County,37049961201,4,suburban
Craven County,37049961202,4,suburban
Craven County,37049961301,4,suburban
Craven County,37049961302,4,suburban
Craven County,37049961303,3,suburban
Cumberland County,37051000200,1,urban
Cumberland County,37051000500,1,urban
Cumberland County,37051000600,1,urban
Cumberland County,37051000701,1,urban
Cumberland County,37051000702,1,urban
Cumberland County,37051000800,1,urban
Cumberland County,37051000900,1,urban
Cumberland County,37051001000,1,urban
Cumberland County,37051001100,1,urban
Cumberland County,37051001200,1,urban
Cumberland County,37051001400,1,urban
Cumberland County,37051001500,1,urban
Cumberland County,37051001601,1,urban
Cumberland County,37051001603,1,urban
Cumberland County,37051001604,1,urban
Cumberland County,37051001700,1,urban
Cumberland County,37051001800,1,urban
Cumberland County,37051001901,1,urban
Cumberland County,37051001902,1,urban
Cumberland County,37051001903,1,urban
Cumberland County,37051002001,1,urban
Cumberland County,37051002002,1,urban
Cumberland County,37051002100,1,urban
Cumberland County,37051002200,1,urban
Cumberland County,37051002300,1,urban
Cumberland County,37051002401,1,urban
Cumberland County,37051002402,1,urban
Cumberland County,37051002501,1,urban
Cumberland County,37051002502,1,urban
Cumberland County,37051002503,1,urban
Cumberland County,37051002504,1,urban
Cumberland County,37051002600,2,urban
Cumberland County,37051002700,2,urban
Cumberland County,37051002800,2,urban
Cumberland County,37051002900,2,urban
Cumberland County,37051003001,1,urban
Cumberland County,37051003002,2,urban
Cumberland County,37051003102,1,urban
Cumberland County,37051003103,1,urban
Cumberland County,37051003104,1,urban
Cumberland County,37051003201,1,urban
Cumberland County,37051003203,1,urban
Cumberland County,37051003204,1,urban
Cumberland County,37051003205,1,urban
Cumberland County,37051003302,1,urban
Cumberland County,37051003304,1,urban
Cumberland County,37051003305,1,urban
Cumberland County,37051003307,1,urban
Cumberland County,37051003309,1,urban
Cumberland County,37051003310,1,urban
Cumberland County,37051003311,1,urban
Cumberland County,37051003312,1,urban
Cumberland County,37051003313,1,urban
Cumberland County,37051003314,1,urban
Cumberland County,37051003401,1,urban
Cumberland County,37051003402,1,urban
Cumberland County,37051003403,1,urban
Cumberland County,37051003404,1,urban
Cumberland County,37051003405,1,urban
Cumberland County,37051003406,1,urban
Cumberland County,37051003407,1,urban
Cumberland County,37051003408,1,urban
Cumberland County,37051003500,1,urban
Cumberland County,37051003600,1,urban
Cumberland County,37051003700,2,urban
Cumberland County,37051003800,1,urban
Cumberland County,37051980100,10,rural
Cumberland County,37051980200,10,rural
Currituck County,37053110101,5,suburban
Currituck County,37053110102,2,urban
Currituck County,37053110200,2,urban
Currituck County,37053110301,2,urban
Currituck County,37053110302,2,urban
Currituck County,37053110401,6,rural
Currituck County,37053110402,5,suburban
Currituck County,37053990100,10,rural
Dare County,37055970101,4,suburban
Dare County,37055970102,4,suburban
Dare County,37055970200,4,suburban
Dare County,37055970300,4,suburban
Dare County,37055970400,4,suburban
Dare County,37055970501,10,rural
Dare County,37055970502,10,rural
Dare County,37055970601,7,rural
Dare County,37055970602,10,rural
Dare County,37055990100,10,rural
Dare County,37055990200,10,rural
Davidson County,37057060101,1,urban
Davidson County,37057060102,1,urban
Davidson County,37057060201,1,urban
Davidson County,37057060202,1,urban
Davidson County,37057060203,1,urban
Davidson County,37057060301,1,urban
Davidson County,37057060302,1,urban
Davidson County,37057060303,2,urban
Davidson County,37057060304,2,urban
Davidson County,37057060400,1,urban
Davidson County,37057060500,2,urban
Davidson County,37057060601,1,urban
Davidson County,37057060602,1,urban
Davidson County,37057060700,1,urban
Davidson County,37057060800,1,urban
Davidson County,37057060900,1,urban
Davidson County,37057061000,1,urban
Davidson County,37057061100,1,urban
Davidson County,37057061201,1,urban
Davidson County,37057061202,2,urban
Davidson County,37057061300,1,urban
Davidson County,37057061400,1,urban
Davidson County,37057061500,1,urban
Davidson County,37057061600,1,urban
Davidson County,37057061701,1,urban
Davidson County,37057061702,2,urban
Davidson County,37057061703,2,urban
Davidson County,37057061802,2,urban
Davidson County,37057061803,1,urban
Davidson County,37057061804,2,urban
Davidson County,37057061901,2,urban
Davidson County,37057061902,2,urban
Davidson County,37057062001,2,urban
Davidson County,37057062002,10,rural
Davie County,37059080100,2,urban
Davie County,37059080200,1,urban
Davie County,37059080300,1,urban
Davie County,37059080400,2,urban
Davie County,37059080500,7,rural
Davie County,37059080600,7,rural
Davie County,37059080700,9,rural
Duplin County,37061090100,10,rural
Duplin County,37061090200,10,rural
Duplin County,37061090300,7,rural
Duplin County,37061090400,10,rural
Duplin County,37061090501,10,rural
Duplin County,37061090502,10,rural
Duplin County,37061090600,10,rural
Duplin County,37061090701,9,rural
Duplin County,37061090702,7,rural
Duplin County,37061090801,10,rural
Duplin County,37061090802,9,rural
Durham County,37063000101,1,urban
Durham County,37063000102,1,urban
Durham County,37063000200,1,urban
Durham County,37063000301,1,urban
Durham County,37063000302,1,urban
Durham County,37063000401,1,urban
Durham County,37063000402,1,urban
Durham County,37063000500,1,urban
Durham County,37063000600,1,urban
Durham County,37063000700,1,urban
Durham County,37063000900,1,urban
Durham County,37063001001,1,urban
Durham County,37063001002,1,urban
Durham County,37063001100,1,urban
Durham County,37063001301,1,urban
Durham County,37063001303,1,urban
Durham County,37063001304,1,urban
Durham County,37063001400,1,urban
Durham County,37063001501,1,urban
Durham County,37063001502,1,urban
Durham County,37063001503,1,urban
Durham County,37063001601,1,urban
Durham County,37063001603,1,urban
Durham County,37063001604,1,urban
Durham County,37063001705,1,urban
Durham County,37063001706,1,urban
Durham County,37063001707,1,urban
Durham County,37063001708,1,urban
Durham County,37063001709,1,urban
Durham County,37063001710,1,urban
Durham County,37063001711,1,urban
Durham County,37063001801,1,urban
Durham County,37063001802,1,urban
Durham County,37063001806,1,urban
Durham County,37063001807,1,urban
Durham County,37063001808,1,urban
Durham County,37063001809,1,urban
Durham County,37063001900,1,urban
Durham County,37063002007,1,urban
Durham County,37063002008,1,urban
Durham County,37063002009,1,urban
Durham County,37063002013,1,urban
Durham County,37063002015,1,urban
Durham County,37063002016,1,urban
Durham County,37063002017,1,urban
Durham County,37063002018,1,urban
Durham County,37063002019,1,urban
Durham County,37063002020,1,urban
Durham County,37063002021,1,urban
Durham County,37063002022,1,urban
Durham County,37063002023,1,urban
Durham County,37063002024,1,urban
Durham County,37063002025,1,urban
Durham County,37063002026,1,urban
Durham County,37063002027,1,urban
Durham County,37063002028,1,urban
Durham County,37063002100,2,urban
Durham County,37063002200,1,urban
Durham County,37063002300,1,urban
Durham County,37063980100,2,urban
Edgecombe County,37065020200,1,urban
Edgecombe County,37065020300,1,urban
Edgecombe County,37065020400,1,urban
Edgecombe County,37065020600,1,urban
Edgecombe County,37065020700,2,urban
Edgecombe County,37065020800,6,rural
Edgecombe County,37065020900,4,suburban
Edgecombe County,37065021000,4,suburban
Edgecombe County,37065021100,4,suburban
Edgecombe County,37065021200,4,suburban
Edgecombe County,37065021300,5,suburban
Edgecombe County,37065021400,2,urban
Edgecombe County,37065021500,2,urban
Edgecombe County,37065021600,5,suburban
Forsyth County,37067000100,1,urban
Forsyth County,37067000200,1,urban
Forsyth County,37067000301,1,urban
Forsyth County,37067000302,1,urban
Forsyth County,37067000400,1,urban
Forsyth County,37067000500,1,urban
Forsyth County,37067000600,1,urban
Forsyth County,37067000700,1,urban
Forsyth County,37067000801,1,urban
Forsyth County,37067000802,1,urban
Forsyth County,37067000900,1,urban
Forsyth County,37067001000,1,urban
Forsyth County,37067001100,1,urban
Forsyth County,37067001200,1,urban
Forsyth County,37067001300,1,urban
Forsyth County,37067001400,1,urban
Forsyth County,37067001500,1,urban
Forsyth County,37067001601,1,urban
Forsyth County,37067001602,1,urban
Forsyth County,37067001700,1,urban
Forsyth County,37067001800,1,urban
Forsyth County,37067001901,1,urban
Forsyth County,37067001902,1,urban
Forsyth County,37067002001,1,urban
Forsyth County,37067002002,1,urban
Forsyth County,37067002100,1,urban
Forsyth County,37067002200,1,urban
Forsyth County,37067002501,1,urban
Forsyth County,37067002502,1,urban
Forsyth County,37067002601,1,urban
Forsyth County,37067002603,1,urban
Forsyth County,37067002604,1,urban
Forsyth County,37067002701,1,urban
Forsyth County,37067002702,1,urban
Forsyth County,37067002703,1,urban
Forsyth County,37067002801,1,urban
Forsyth County,37067002804,1,urban
Forsyth County,37067002806,1,urban
Forsyth County,37067002807,1,urban
Forsyth County,37067002808,1,urban
Forsyth County,37067002809,1,urban
Forsyth County,37067002901,1,urban
Forsyth County,37067002903,1,urban
Forsyth County,37067002904,2,urban
Forsyth County,37067003002,1,urban
Forsyth County,37067003003,1,urban
Forsyth County,37067003004,1,urban
Forsyth County,37067003103,1,urban
Forsyth County,37067003105,1,urban
Forsyth County,37067003106,2,urban
Forsyth County,37067003107,1,urban
Forsyth County,37067003108,1,urban
Forsyth County,37067003201,1,urban
Forsyth County,37067003202,1,urban
Forsyth County,37067003307,1,urban
Forsyth County,37067003308,1,urban
Forsyth County,37067003309,1,urban
Forsyth County,37067003310,1,urban
Forsyth County,37067003311,1,urban
Forsyth County,37067003312,1,urban
Forsyth County,37067003313,1,urban
Forsyth County,37067003314,1,urban
Forsyth County,37067003315,1,urban
Forsyth County,37067003402,1,urban
Forsyth County,37067003403,1,urban
Forsyth County,37067003404,1,urban
Forsyth County,37067003500,1,urban
Forsyth County,37067003600,1,urban
Forsyth County,37067003701,1,urban
Forsyth County,37067003702,1,urban
Forsyth County,37067003703,1,urban
Forsyth County,37067003803,1,urban
Forsyth County,37067003804,1,urban
Forsyth County,37067003805,1,urban
Forsyth County,37067003806,1,urban
Forsyth County,37067003903,1,urban
Forsyth County,37067003904,1,urban
Forsyth County,37067003905,1,urban
Forsyth County,37067003906,1,urban
Forsyth County,37067003908,1,urban
Forsyth County,37067003909,1,urban
Forsyth County,37067004005,1,urban
Forsyth County,37067004007,1,urban
Forsyth County,37067004009,1,urban
Forsyth County,37067004010,1,urban
Forsyth County,37067004011,1,urban
Forsyth County,37067004012,1,urban
Forsyth County,37067004013,1,urban
Forsyth County,37067004014,1,urban
Forsyth County,37067004015,1,urban
Forsyth County,37067004102,1,urban
Forsyth County,37067004103,1,urban
Forsyth County,37067004104,1,urban
Franklin County,37069060100,9,rural
Franklin County,37069060200,8,rural
Franklin County,37069060301,7,rural
Franklin County,37069060302,7,rural
Franklin County,37069060401,2,urban
Franklin County,37069060402,2,urban
Franklin County,37069060501,1,urban
Franklin County,37069060502,2,urban
Franklin County,37069060600,2,urban
Franklin County,37069060700,2,urban
Franklin County,37069060801,2,urban
Franklin County,37069060802,2,urban
Gaston County,37071030101,2,urban
Gaston County,37071030102,1,urban
Gaston County,37071030203,1,urban
Gaston County,37071030204,1,urban
Gaston County,37071030205,1,urban
Gaston County,37071030301,2,urban
Gaston County,37071030302,1,urban
Gaston County,37071030401,2,urban
Gaston County,37071030402,1,urban
Gaston County,37071030501,2,urban
Gaston County,37071030502,2,urban
Gaston County,37071030601,7,rural
Gaston County,37071030602,7,rural
Gaston County,37071030700,7,rural
Gaston County,37071030801,2,urban
Gaston County,37071030802,1,urban
Gaston County,37071030901,1,urban
Gaston County,37071030902,1,urban
Gaston County,37071031001,1,urban
Gaston County,37071031003,1,urban
Gaston County,37071031004,1,urban
Gaston County,37071031101,1,urban
Gaston County,37071031102,1,urban
Gaston County,37071031201,1,urban
Gaston County,37071031202,1,urban
Gaston County,37071031301,1,urban
Gaston County,37071031302,1,urban
Gaston County,37071031401,1,urban
Gaston County,37071031402,1,urban
Gaston County,37071031500,1,urban
Gaston County,37071031600,1,urban
Gaston County,37071031701,1,urban
Gaston County,37071031703,1,urban
Gaston County,37071031704,1,urban
Gaston County,37071031800,1,urban
Gaston County,37071031900,1,urban
Gaston County,37071032000,1,urban
Gaston County,37071032100,1,urban
Gaston County,37071032200,1,urban
Gaston County,37071032301,1,urban
Gaston County,37071032302,1,urban
Gaston County,37071032401,1,urban
Gaston County,37071032402,1,urban
Gaston County,37071032502,1,urban
Gaston County,37071032505,1,urban
Gaston County,37071032506,1,urban
Gaston County,37071032507,1,urban
Gaston County,37071032508,1,urban
Gaston County,37071032600,1,urban
Gaston County,37071032702,1,urban
Gaston County,37071032703,1,urban
Gaston County,37071032704,1,urban
Gaston County,37071032800,1,urban
Gaston County,37071032900,1,urban
Gaston County,37071033100,1,urban
Gaston County,37071033202,1,urban
Gaston County,37071033203,1,urban
Gaston County,37071033204,1,urban
Gaston County,37071033303,1,urban
Gaston County,37071033304,1,urban
Gaston County,37071033305,1,urban
Gaston County,37071033306,2,urban
Gaston County,37071033307,2,urban
Gaston County,37071033400,1,urban
Gaston County,37071033500,1,urban
Gates County,37073970100,2,urban
Gates County,37073970200,2,urban
Gates County,37073970300,2,urban
Graham County,37075920100,10,rural
Graham County,37075920200,10,rural
Graham County,37075920300,10,rural
Granville County,37077970101,8,rural
Granville County,37077970102,8,rural
Granville County,37077970200,7,rural
Granville County,37077970300,7,rural
Granville County,37077970400,7,rural
Granville County,37077970500,8,rural
Granville County,37077970601,3,suburban
Granville County,37077970602,2,urban
Granville County,37077970603,4,suburban
Granville County,37077970701,2,urban
Granville County,37077970702,4,suburban
Granville County,37077970703,4,suburban
Granville County,37077970704,4,suburban
Greene County,37079950101,2,urban
Greene County,37079950102,2,urban
Greene County,37079950200,3,suburban
Greene County,37079950300,6,rural
Guilford County,37081010100,1,urban
Guilford County,37081010200,1,urban
Guilford County,37081010300,1,urban
Guilford County,37081010401,1,urban
Guilford County,37081010403,1,urban
Guilford County,37081010404,1,urban
Guilford County,37081010500,1,urban
Guilford County,37081010601,1,urban
Guilford County,37081010602,1,urban
Guilford County,37081010701,1,urban
Guilford County,37081010702,1,urban
Guilford County,37081010800,1,urban
Guilford County,37081010900,1,urban
Guilford County,37081011000,1,urban
Guilford County,37081011101,1,urban
Guilford County,37081011102,1,urban
Guilford County,37081011200,1,urban
Guilford County,37081011300,1,urban
Guilford County,37081011400,1,urban
Guilford County,37081011500,1,urban
Guilford County,37081011601,1,urban
Guilford County,37081011602,1,urban
Guilford County,37081011904,1,urban
Guilford County,37081011905,1,urban
Guilford County,37081012503,1,urban
Guilford County,37081012504,1,urban
Guilford County,37081012505,1,urban
Guilford County,37081012508,1,urban
Guilford County,37081012509,1,urban
Guilford County,37081012510,1,urban
Guilford County,37081012511,1,urban
Guilford County,37081012601,1,urban
Guilford County,37081012604,1,urban
Guilford County,37081012607,1,urban
Guilford County,37081012608,1,urban
Guilford County,37081012609,1,urban
Guilford County,37081012610,1,urban
Guilford County,37081012611,1,urban
Guilford County,37081012612,1,urban
Guilford County,37081012617,1,urban
Guilford County,37081012703,1,urban
Guilford County,37081012704,1,urban
Guilford County,37081012705,1,urban
Guilford County,37081012706,1,urban
Guilford County,37081012707,1,urban
Guilford County,37081012803,1,urban
Guilford County,37081012804,1,urban
Guilford County,37081012805,1,urban
Guilford County,37081013601,1,urban
Guilford County,37081013602,1,urban
Guilford County,37081013700,1,urban
Guilford County,37081013800,1,urban
Guilford County,37081013900,1,urban
Guilford County,37081014000,1,urban
Guilford County,37081014200,1,urban
Guilford County,37081014300,1,urban
Guilford County,37081014406,1,urban
Guilford County,37081014407,1,urban
Guilford County,37081014408,1,urban
Guilford County,37081014409,1,urban
Guilford County,37081014410,1,urban
Guilford County,37081014411,1,urban
Guilford County,37081014412,1,urban
Guilford County,37081014501,1,urban
Guilford County,37081014502,1,urban
Guilford County,37081014503,1,urban
Guilford County,37081015100,2,urban
Guilford County,37081015200,1,urban
Guilford County,37081015300,1,urban
Guilford County,37081015401,1,urban
Guilford County,37081015402,1,urban
Guilford County,37081015500,1,urban
Guilford County,37081015600,2,urban
Guilford County,37081015703,1,urban
Guilford County,37081015704,1,urban
Guilford County,37081015705,1,urban
Guilford County,37081015706,1,urban
Guilford County,37081015707,1,urban
Guilford County,37081015800,1,urban
Guilford County,37081015901,2,urban
Guilford County,37081015902,1,urban
Guilford County,37081016003,1,urban
Guilford County,37081016005,1,urban
Guilford County,37081016006,1,urban
Guilford County,37081016007,1,urban
Guilford County,37081016008,1,urban
Guilford County,37081016009,1,urban
Guilford County,37081016010,1,urban
Guilford County,37081016011,1,urban
Guilford County,37081016101,1,urban
Guilford County,37081016102,1,urban
Guilford County,37081016103,1,urban
Guilford County,37081016201,1,urban
Guilford County,37081016203,1,urban
Guilford County,37081016204,1,urban
Guilford County,37081016205,1,urban
Guilford County,37081016303,1,urban
Guilford County,37081016304,1,urban
Guilford County,37081016305,1,urban
Guilford County,37081016306,1,urban
Guilford County,37081016405,1,urban
Guilford County,37081016406,1,urban
Guilford County,37081016407,1,urban
Guilford County,37081016408,1,urban
Guilford County,37081016409,1,urban
Guilford County,37081016410,1,urban
Guilford County,37081016502,1,urban
Guilford County,37081016503,1,urban
Guilford County,37081016505,1,urban
Guilford County,37081016506,1,urban
Guilford County,37081016600,1,urban
Guilford County,37081016701,1,urban
Guilford County,37081016702,2,urban
Guilford County,37081016800,1,urban
Guilford County,37081016900,2,urban
Guilford County,37081017000,2,urban
Guilford County,37081017100,1,urban
Guilford County,37081017200,2,urban
Guilford County,37081980100,99,rural
Halifax County,37083930100,4,suburban
Halifax County,37083930200,4,suburban
Halifax County,37083930300,4,suburban
Halifax County,37083930400,4,suburban
Halifax County,37083930501,4,suburban
Halifax County,37083930502,5,suburban
Halifax County,37083930600,5,suburban
Halifax County,37083930700,5,suburban
Halifax County,37083930800,2,urban
Halifax County,37083930900,7,rural
Halifax County,37083931000,10,rural
Halifax County,37083931100,10,rural
Harnett County,37085070100,4,suburban
Harnett County,37085070200,4,suburban
Harnett County,37085070300,4,suburban
Harnett County,37085070401,2,urban
Harnett County,37085070402,2,urban
Harnett County,37085070500,4,suburban
Harnett County,37085070600,2,urban
Harnett County,37085070700,2,urban
Harnett County,37085070801,2,urban
Harnett County,37085070802,2,urban
Harnett County,37085070901,1,urban
Harnett County,37085070902,1,urban
Harnett County,37085070903,1,urban
Harnett County,37085070904,1,urban
Harnett County,37085071001,2,urban
Harnett County,37085071002,2,urban
Harnett County,37085071101,6,rural
Harnett County,37085071102,5,suburban
Harnett County,37085071201,2,urban
Harnett County,37085071202,1,urban
Harnett County,37085071203,1,urban
Harnett County,37085071204,2,urban
Harnett County,37085071301,5,suburban
Harnett County,37085071302,2,urban
Harnett County,37085071303,2,urban
Harnett County,37085071401,5,suburban
Harnett County,37085071402,2,urban
Haywood County,37087920101,2,urban
Haywood County,37087920102,2,urban
Haywood County,37087920200,1,urban
Haywood County,37087920300,1,urban
Haywood County,37087920400,1,urban
Haywood County,37087920500,1,urban
Haywood County,37087920600,1,urban
Haywood County,37087920700,2,urban
Haywood County,37087920800,2,urban
Haywood County,37087920900,1,urban
Haywood County,37087921000,1,urban
Haywood County,37087921100,1,urban
Haywood County,37087921200,1,urban
Haywood County,37087921301,2,urban
Haywood County,37087921302,2,urban
Haywood County,37087980100,10,rural
Henderson County,37089930100,2,urban
Henderson County,37089930200,2,urban
Henderson County,37089930300,1,urban
Henderson County,37089930401,1,urban
Henderson County,37089930402,1,urban
Henderson County,37089930501,1,urban
Henderson County,37089930502,1,urban
Henderson County,37089930600,1,urban
Henderson County,37089930701,1,urban
Henderson County,37089930702,2,urban
Henderson County,37089930703,1,urban
Henderson County,37089930800,1,urban
Henderson County,37089930900,1,urban
Henderson County,37089931000,1,urban
Henderson County,37089931100,1,urban
Henderson County,37089931200,1,urban
Henderson County,37089931300,1,urban
Henderson County,37089931400,1,urban
Henderson County,37089931500,1,urban
Henderson County,37089931600,1,urban
Henderson County,37089931700,1,urban
Henderson County,37089931801,1,urban
Henderson County,37089931802,1,urban
Henderson County,37089931901,2,urban
Henderson County,37089931902,2,urban
Henderson County,37089932000,2,urban
Henderson County,37089980100,10,rural
Hertford County,37091950100,7,rural
Hertford County,37091950200,8,rural
Hertford County,37091950300,9,rural
Hertford County,37091950401,7,rural
Hertford County,37091950402,7,rural
Hoke County,37093970101,1,urban
Hoke County,37093970102,1,urban
Hoke County,37093970103,1,urban
Hoke County,37093970201,2,urban
Hoke County,37093970202,2,urban
Hoke County,37093970300,1,urban
Hoke County,37093970401,2,urban
Hoke County,37093970402,2,urban
Hoke County,37093980100,10,rural
Hyde County,37095920100,10,rural
Hyde County,37095990100,10,rural
Hyde County,37095990200,99,rural
Iredell County,37097060100,1,urban
Iredell County,37097060200,1,urban
Iredell County,37097060300,1,urban
Iredell County,37097060400,1,urban
Iredell County,37097060500,1,urban
Iredell County,37097060601,1,urban
Iredell County,37097060602,1,urban
Iredell County,37097060603,1,urban
Iredell County,37097060701,2,urban
Iredell County,37097060702,2,urban
Iredell County,37097060703,1,urban
Iredell County,37097060801,2,urban
Iredell County,37097060802,2,urban
Iredell County,37097060901,2,urban
Iredell County,37097060902,2,urban
Iredell County,37097061001,2,urban
Iredell County,37097061002,1,urban
Iredell County,37097061003,1,urban
Iredell County,37097061101,2,urban
Iredell County,37097061102,2,urban
Iredell County,37097061103,2,urban
Iredell County,37097061104,2,urban
Iredell County,37097061201,2,urban
Iredell County,37097061202,1,urban
Iredell County,37097061203,1,urban
Iredell County,37097061204,1,urban
Iredell County,37097061205,2,urban
Iredell County,37097061301,2,urban
Iredell County,37097061302,2,urban
Iredell County,37097061303,1,urban
Iredell County,37097061304,1,urban
Iredell County,37097061401,1,urban
Iredell County,37097061402,1,urban
Iredell County,37097061403,1,urban
Iredell County,37097061404,1,urban
Iredell County,37097061405,1,urban
Iredell County,37097061406,1,urban
Iredell County,37097061407,1,urban
Iredell County,37097061408,1,urban
Iredell County,37097061501,1,urban
Iredell County,37097061502,1,urban
Iredell County,37097061503,1,urban
Iredell County,37097061601,1,urban
Iredell County,37097061602,1,urban
Jackson County,37099940200,3,suburban
Jackson County,37099950200,2,urban
Jackson County,37099950300,4,suburban
Jackson County,37099950400,4,suburban
Jackson County,37099950500,5,suburban
Jackson County,37099950600,4,suburban
Jackson County,37099950700,10,rural
Jackson County,37099950800,10,rural
Jackson County,37099950900,10,rural
Johnston County,37101040100,6,rural
Johnston County,37101040201,2,urban
Johnston County,37101040202,2,urban
Johnston County,37101040203,2,urban
Johnston County,37101040301,4,suburban
Johnston County,37101040302,4,suburban
Johnston County,37101040400,4,suburban
Johnston County,37101040500,5,suburban
Johnston County,37101040600,4,suburban
Johnston County,37101040700,4,suburban
Johnston County,37101040800,4,suburban
Johnston County,37101040901,2,urban
Johnston County,37101040902,4,suburban
Johnston County,37101041001,1,urban
Johnston County,37101041002,1,urban
Johnston County,37101041101,1,urban
Johnston County,37101041102,1,urban
Johnston County,37101041103,1,urban
Johnston County,37101041201,4,suburban
Johnston County,37101041202,4,suburban
Johnston County,37101041300,2,urban
Johnston County,37101041400,3,suburban
Johnston County,37101041501,1,urban
Johnston County,37101041502,1,urban
Johnston County,37101041503,2,urban
Jones County,37103920100,2,urban
Jones County,37103920200,2,urban
Jones County,37103920300,5,suburban
Lee County,37105030101,4,suburban
Lee County,37105030102,4,suburban
Lee County,37105030200,4,suburban
Lee County,37105030300,4,suburban
Lee County,37105030401,4,suburban
Lee County,37105030402,4,suburban
Lee County,37105030501,4,suburban
Lee County,37105030502,4,suburban
Lee County,37105030503,5,suburban
Lee County,37105030601,4,suburban
Lee County,37105030602,5,suburban
Lee County,37105030701,5,suburban
Lee County,37105030702,5,suburban
Lenoir County,37107010100,5,suburban
Lenoir County,37107010200,4,suburban
Lenoir County,37107010300,4,suburban
Lenoir County,37107010400,4,suburban
Lenoir County,37107010500,4,suburban
Lenoir County,37107010600,4,suburban
Lenoir County,37107010700,4,suburban
Lenoir County,37107010800,4,suburban
Lenoir County,37107010900,5,suburban
Lenoir County,37107011001,4,suburban
Lenoir County,37107011002,4,suburban
Lenoir County,37107011100,6,rural
Lenoir County,37107011200,5,suburban
Lenoir County,37107011300,4,suburban
Lenoir County,37107011400,5,suburban
Lincoln County,37109070100,4,suburban
Lincoln County,37109070201,4,suburban
Lincoln County,37109070202,4,suburban
Lincoln County,37109070300,4,suburban
Lincoln County,37109070400,4,suburban
Lincoln County,37109070500,6,rural
Lincoln County,37109070600,2,urban
Lincoln County,37109070700,6,rural
Lincoln County,37109070800,2,urban
Lincoln County,37109070901,5,suburban
Lincoln County,37109070902,2,urban
Lincoln County,37109071001,2,urban
Lincoln County,37109071002,2,urban
Lincoln County,37109071101,2,urban
Lincoln County,37109071102,1,urban
Lincoln County,37109071201,1,urban
Lincoln County,37109071202,1,urban
Lincoln County,37109071203,1,urban
McDowell County,37111970100,10,rural
McDowell County,37111970200,5,suburban
McDowell County,37111970300,4,suburban
McDowell County,37111970400,4,suburban
McDowell County,37111970500,4,suburban
McDowell County,37111970600,4,suburban
McDowell County,37111970700,2,urban
McDowell County,37111970800,2,urban
McDowell County,37111970901,5,suburban
McDowell County,37111970902,3,suburban
Macon County,37113970100,8,rural
Macon County,37113970200,8,rural
Macon County,37113970301,7,rural
Macon County,37113970302,7,rural
Macon County,37113970400,8,rural
Macon County,37113970501,10,rural
Macon County,37113970502,10,rural
Macon County,37113970600,8,rural
Macon County,37113970700,8,rural
Madison County,37115010100,2,urban
Madison County,37115010200,2,urban
Madison County,37115010400,2,urban
Madison County,37115010500,2,urban
Madison County,37115010600,1,urban
Madison County,37115010700,2,urban
Martin County,37117970100,8,rural
Martin County,37117970200,7,rural
Martin County,37117970300,7,rural
Martin County,37117970400,3,suburban
Martin County,37117970500,8,rural
Martin County,37117970600,2,urban
Mecklenburg County,37119000100,1,urban
Mecklenburg County,37119000300,1,urban
Mecklenburg County,37119000400,1,urban
Mecklenburg County,37119000500,1,urban
Mecklenburg County,37119000600,1,urban
Mecklenburg County,37119000700,1,urban
Mecklenburg County,37119000800,1,urban
Mecklenburg County,37119000900,1,urban
Mecklenburg County,37119001000,1,urban
Mecklenburg County,37119001100,1,urban
Mecklenburg County,37119001200,1,urban
Mecklenburg County,37119001300,1,urban
Mecklenburg County,37119001400,1,urban
Mecklenburg County,37119001504,1,urban
Mecklenburg County,37119001505,1,urban
Mecklenburg County,37119001507,1,urban
Mecklenburg County,37119001508,1,urban
Mecklenburg County,37119001509,1,urban
Mecklenburg County,37119001510,1,urban
Mecklenburg County,37119001603,1,urban
Mecklenburg County,37119001605,1,urban
Mecklenburg County,37119001606,1,urban
Mecklenburg County,37119001607,1,urban
Mecklenburg County,37119001608,1,urban
Mecklenburg County,37119001609,1,urban
Mecklenburg County,37119001701,1,urban
Mecklenburg County,37119001702,1,urban
Mecklenburg County,37119001801,1,urban
Mecklenburg County,37119001802,1,urban
Mecklenburg County,37119001910,1,urban
Mecklenburg County,37119001911,1,urban
Mecklenburg County,37119001912,1,urban
Mecklenburg County,37119001914,1,urban
Mecklenburg County,37119001915,1,urban
Mecklenburg County,37119001916,1,urban
Mecklenburg County,37119001917,1,urban
Mecklenburg County,37119001918,1,urban
Mecklenburg County,37119001919,1,urban
Mecklenburg County,37119001920,1,urban
Mecklenburg County,37119001921,1,urban
Mecklenburg County,37119001922,1,urban
Mecklenburg County,37119001923,1,urban
Mecklenburg County,37119002002,1,urban
Mecklenburg County,37119002003,1,urban
Mecklenburg County,37119002004,1,urban
Mecklenburg County,37119002100,1,urban
Mecklenburg County,37119002200,1,urban
Mecklenburg County,37119002300,1,urban
Mecklenburg County,37119002400,1,urban
Mecklenburg County,37119002500,1,urban
Mecklenburg County,37119002600,1,urban
Mecklenburg County,37119002701,1,urban
Mecklenburg County,37119002702,1,urban
Mecklenburg County,37119002800,1,urban
Mecklenburg County,37119002903,1,urban
Mecklenburg County,37119002904,1,urban
Mecklenburg County,37119002905,1,urban
Mecklenburg County,37119002906,1,urban
Mecklenburg County,37119003006,1,urban
Mecklenburg County,37119003007,1,urban
Mecklenburg County,37119003008,1,urban
Mecklenburg County,37119003011,1,urban
Mecklenburg County,37119003012,1,urban
Mecklenburg County,37119003013,1,urban
Mecklenburg County,37119003015,1,urban
Mecklenburg County,37119003016,1,urban
Mecklenburg County,37119003017,1,urban
Mecklenburg County,37119003018,1,urban
Mecklenburg County,37119003102,1,urban
Mecklenburg County,37119003103,1,urban
Mecklenburg County,37119003105,1,urban
Mecklenburg County,37119003106,1,urban
Mecklenburg County,37119003108,1,urban
Mecklenburg County,37119003109,1,urban
Mecklenburg County,37119003201,1,urban
Mecklenburg County,37119003203,1,urban
Mecklenburg County,37119003204,1,urban
Mecklenburg County,37119003300,1,urban
Mecklenburg County,37119003400,1,urban
Mecklenburg County,37119003500,1,urban
Mecklenburg County,37119003600,1,urban
Mecklenburg County,37119003700,1,urban
Mecklenburg County,37119003802,1,urban
Mecklenburg County,37119003805,1,urban
Mecklenburg County,37119003806,1,urban
Mecklenburg County,37119003807,1,urban
Mecklenburg County,37119003808,1,urban
Mecklenburg County,37119003902,1,urban
Mecklenburg County,37119003903,1,urban
Mecklenburg County,37119004000,1,urban
Mecklenburg County,37119004100,1,urban
Mecklenburg County,37119004200,1,urban
Mecklenburg County,37119004302,1,urban
Mecklenburg County,37119004303,1,urban
Mecklenburg County,37119004304,1,urban
Mecklenburg County,37119004305,1,urban
Mecklenburg County,37119004400,1,urban
Mecklenburg County,37119004500,1,urban
Mecklenburg County,37119004600,1,urban
Mecklenburg County,37119004700,1,urban
Mecklenburg County,37119004800,1,urban
Mecklenburg County,37119004900,1,urban
Mecklenburg County,37119005000,1,urban
Mecklenburg County,37119005100,1,urban
Mecklenburg County,37119005200,1,urban
Mecklenburg County,37119005301,1,urban
Mecklenburg County,37119005305,1,urban
Mecklenburg County,37119005306,1,urban
Mecklenburg County,37119005307,1,urban
Mecklenburg County,37119005308,1,urban
Mecklenburg County,37119005401,1,urban
Mecklenburg County,37119005403,1,urban
Mecklenburg County,37119005404,1,urban
Mecklenburg County,37119005508,1,urban
Mecklenburg County,37119005509,1,urban
Mecklenburg County,37119005510,1,urban
Mecklenburg County,37119005511,1,urban
Mecklenburg County,37119005512,1,urban
Mecklenburg County,37119005513,1,urban
Mecklenburg County,37119005514,1,urban
Mecklenburg County,37119005515,1,urban
Mecklenburg County,37119005516,1,urban
Mecklenburg County,37119005517,1,urban
Mecklenburg County,37119005518,1,urban
Mecklenburg County,37119005519,1,urban
Mecklenburg County,37119005520,1,urban
Mecklenburg County,37119005521,1,urban
Mecklenburg County,37119005522,1,urban
Mecklenburg County,37119005523,1,urban
Mecklenburg County,37119005524,1,urban
Mecklenburg County,37119005604,1,urban
Mecklenburg County,37119005605,1,urban
Mecklenburg County,37119005609,1,urban
Mecklenburg County,37119005610,1,urban
Mecklenburg County,37119005611,1,urban
Mecklenburg County,37119005612,1,urban
Mecklenburg County,37119005613,1,urban
Mecklenburg County,37119005614,1,urban
Mecklenburg County,37119005615,1,urban
Mecklenburg County,37119005616,1,urban
Mecklenburg County,37119005617,1,urban
Mecklenburg County,37119005618,1,urban
Mecklenburg County,37119005619,1,urban
Mecklenburg County,37119005620,1,urban
Mecklenburg County,37119005621,1,urban
Mecklenburg County,37119005706,1,urban
Mecklenburg County,37119005709,1,urban
Mecklenburg County,37119005710,1,urban
Mecklenburg County,37119005711,1,urban
Mecklenburg County,37119005712,1,urban
Mecklenburg County,37119005713,1,urban
Mecklenburg County,37119005714,1,urban
Mecklenburg County,37119005715,2,urban
Mecklenburg County,37119005716,1,urban
Mecklenburg County,37119005717,1,urban
Mecklenburg County,37119005811,1,urban
Mecklenburg County,37119005812,1,urban
Mecklenburg County,37119005815,1,urban
Mecklenburg County,37119005816,1,urban
Mecklenburg County,37119005817,1,urban
Mecklenburg County,37119005823,1,urban
Mecklenburg County,37119005824,1,urban
Mecklenburg County,37119005825,1,urban
Mecklenburg County,37119005826,1,urban
Mecklenburg County,37119005827,1,urban
Mecklenburg County,37119005828,1,urban
Mecklenburg County,37119005829,1,urban
Mecklenburg County,37119005830,1,urban
Mecklenburg County,37119005831,1,urban
Mecklenburg County,37119005832,1,urban
Mecklenburg County,37119005833,1,urban
Mecklenburg County,37119005834,1,urban
Mecklenburg County,37119005835,1,urban
Mecklenburg County,37119005836,1,urban
Mecklenburg County,37119005837,1,urban
Mecklenburg County,37119005838,1,urban
Mecklenburg County,37119005839,1,urban
Mecklenburg County,37119005840,1,urban
Mecklenburg County,37119005841,1,urban
Mecklenburg County,37119005842,1,urban
Mecklenburg County,37119005843,1,urban
Mecklenburg County,37119005844,1,urban
Mecklenburg County,37119005845,1,urban
Mecklenburg County,37119005846,1,urban
Mecklenburg County,37119005847,1,urban
Mecklenburg County,37119005848,1,urban
Mecklenburg County,37119005906,1,urban
Mecklenburg County,37119005907,1,urban
Mecklenburg County,37119005908,1,urban
Mecklenburg County,37119005909,1,urban
Mecklenburg County,37119005910,1,urban
Mecklenburg County,37119005911,1,urban
Mecklenburg County,37119005912,1,urban
Mecklenburg County,37119005913,1,urban
Mecklenburg County,37119005914,1,urban
Mecklenburg County,37119005915,1,urban
Mecklenburg County,37119005916,1,urban
Mecklenburg County,37119005917,1,urban
Mecklenburg County,37119005918,1,urban
Mecklenburg County,37119006005,1,urban
Mecklenburg County,37119006006,1,urban
Mecklenburg County,37119006007,1,urban
Mecklenburg County,37119006008,1,urban
Mecklenburg County,37119006009,1,urban
Mecklenburg County,37119006010,1,urban
Mecklenburg County,37119006103,1,urban
Mecklenburg County,37119006104,1,urban
Mecklenburg County,37119006105,1,urban
Mecklenburg County,37119006106,1,urban
Mecklenburg County,37119006107,1,urban
Mecklenburg County,37119006108,1,urban
Mecklenburg County,37119006109,1,urban
Mecklenburg County,37119006203,1,urban
Mecklenburg County,37119006204,1,urban
Mecklenburg County,37119006208,1,urban
Mecklenburg County,37119006209,1,urban
Mecklenburg County,37119006210,1,urban
Mecklenburg County,37119006211,1,urban
Mecklenburg County,37119006212,1,urban
Mecklenburg County,37119006213,1,urban
Mecklenburg County,37119006214,1,urban
Mecklenburg County,37119006215,1,urban
Mecklenburg County,37119006302,1,urban
Mecklenburg County,37119006303,1,urban
Mecklenburg County,37119006304,1,urban
Mecklenburg County,37119006403,1,urban
Mecklenburg County,37119006404,1,urban
Mecklenburg County,37119006405,1,urban
Mecklenburg County,37119006406,1,urban
Mecklenburg County,37119006407,1,urban
Mecklenburg County,37119980100,10,rural
Mecklenburg County,37119980200,1,urban
Mecklenburg County,37119980300,99,rural
Mitchell County,37121950100,10,rural
Mitchell County,37121950200,10,rural
Mitchell County,37121950300,7,rural
Mitchell County,37121950400,10,rural
Montgomery County,37123960100,6,rural
Montgomery County,37123960200,7,rural
Montgomery County,37123960300,9,rural
Montgomery County,37123960401,10,rural
Montgomery County,37123960402,10,rural
Montgomery County,37123960500,9,rural
Moore County,37125950100,9,rural
Moore County,37125950200,6,rural
Moore County,37125950301,7,rural
Moore County,37125950302,7,rural
Moore County,37125950401,5,suburban
Moore County,37125950402,6,rural
Moore County,37125950501,3,suburban
Moore County,37125950502,5,suburban
Moore County,37125950601,4,suburban
Moore County,37125950602,5,suburban
Moore County,37125950701,4,suburban
Moore County,37125950702,4,suburban
Moore County,37125950801,4,suburban
Moore County,37125950802,4,suburban
Moore County,37125950900,4,suburban
Moore County,37125951000,4,suburban
Moore County,37125951100,4,suburban
Moore County,37125951200,4,suburban
Nash County,37127010200,1,urban
Nash County,37127010300,1,urban
Nash County,37127010400,1,urban
Nash County,37127010502,1,urban
Nash County,37127010503,1,urban
Nash County,37127010504,1,urban
Nash County,37127010601,1,urban
Nash County,37127010602,1,urban
Nash County,37127010700,2,urban
Nash County,37127010800,2,urban
Nash County,37127010900,2,urban
Nash County,37127011000,2,urban
Nash County,37127011101,1,urban
Nash County,37127011102,1,urban
Nash County,37127011200,2,urban
Nash County,37127011300,2,urban
Nash County,37127011400,5,suburban
Nash County,37127011500,2,urban
New Hanover County,37129010100,1,urban
New Hanover County,37129010200,1,urban
New Hanover County,37129010300,1,urban
New Hanover County,37129010400,1,urban
New Hanover County,37129010501,1,urban
New Hanover County,37129010502,1,urban
New Hanover County,37129010600,1,urban
New Hanover County,37129010700,1,urban
New Hanover County,37129010800,1,urban
New Hanover County,37129010900,1,urban
New Hanover County,37129011000,1,urban
New Hanover County,37129011100,1,urban
New Hanover County,37129011200,1,urban
New Hanover County,37129011300,1,urban
New Hanover County,37129011400,1,urban
New Hanover County,37129011500,1,urban
New Hanover County,37129011603,1,urban
New Hanover County,37129011605,1,urban
New Hanover County,37129011606,1,urban
New Hanover County,37129011607,1,urban
New Hanover County,37129011608,1,urban
New Hanover County,37129011701,1,urban
New Hanover County,37129011703,1,urban
New Hanover County,37129011705,1,urban
New Hanover County,37129011800,1,urban
New Hanover County,37129011902,1,urban
New Hanover County,37129011903,1,urban
New Hanover County,37129011904,1,urban
New Hanover County,37129012001,1,urban
New Hanover County,37129012004,1,urban
New Hanover County,37129012006,1,urban
New Hanover County,37129012007,1,urban
New Hanover County,37129012008,1,urban
New Hanover County,37129012009,1,urban
New Hanover County,37129012010,1,urban
New Hanover County,37129012101,1,urban
New Hanover County,37129012103,1,urban
New Hanover County,37129012104,1,urban
New Hanover County,37129012105,1,urban
New Hanover County,37129012201,1,urban
New Hanover County,37129012202,1,urban
New Hanover County,37129012203,1,urban
New Hanover County,37129012300,1,urban
New Hanover County,37129980100,1,urban
New Hanover County,37129990100,10,rural
Northampton County,37131920100,9,rural
Northampton County,37131920200,6,rural
Northampton County,37131920300,5,suburban
Northampton County,37131920401,5,suburban
Northampton County,37131920402,5,suburban
Onslow County,37133000102,2,urban
Onslow County,37133000103,2,urban
Onslow County,37133000201,2,urban
Onslow County,37133000202,2,urban
Onslow County,37133000301,2,urban
Onslow County,37133000302,1,urban
Onslow County,37133000401,2,urban
Onslow County,37133000402,2,urban
Onslow County,37133000403,3,suburban
Onslow County,37133000500,10,rural
Onslow County,37133000600,1,urban
Onslow County,37133000700,1,urban
Onslow County,37133000800,1,urban
Onslow County,37133000900,1,urban
Onslow County,37133001000,1,urban
Onslow County,37133001101,1,urban
Onslow County,37133001102,1,urban
Onslow County,37133001200,1,urban
Onslow County,37133001300,1,urban
Onslow County,37133001400,1,urban
Onslow County,37133001500,1,urban
Onslow County,37133001700,1,urban
Onslow County,37133001800,1,urban
Onslow County,37133002100,1,urban
Onslow County,37133002201,1,urban
Onslow County,37133002202,1,urban
Onslow County,37133002300,1,urban
Onslow County,37133002400,1,urban
Onslow County,37133002500,2,urban
Onslow County,37133002600,1,urban
Onslow County,37133002800,2,urban
Onslow County,37133990100,10,rural
Orange County,37135010701,2,urban
Orange County,37135010703,1,urban
Orange County,37135010704,1,urban
Orange County,37135010705,1,urban
Orange County,37135010706,1,urban
Orange County,37135010801,2,urban
Orange County,37135010802,2,urban
Orange County,37135010901,2,urban
Orange County,37135010902,1,urban
Orange County,37135011000,1,urban
Orange County,37135011101,1,urban
Orange County,37135011102,1,urban
Orange County,37135011202,1,urban
Orange County,37135011203,2,urban
Orange County,37135011204,1,urban
Orange County,37135011205,1,urban
Orange County,37135011300,1,urban
Orange County,37135011400,1,urban
Orange County,37135011500,1,urban
Orange County,37135011601,1,urban
Orange County,37135011602,1,urban
Orange County,37135011700,1,urban
Orange County,37135011800,1,urban
Orange County,37135011901,1,urban
Orange County,37135011902,1,urban
Orange County,37135012100,1,urban
Orange County,37135012201,1,urban
Orange County,37135012202,1,urban
Pamlico County,37137950101,2,urban
Pamlico County,37137950102,10,rural
Pamlico County,37137950201,2,urban
Pamlico County,37137950202,10,rural
Pamlico County,37137990100,99,rural
Pasquotank County,37139960100,4,suburban
Pasquotank County,37139960200,4,suburban
Pasquotank County,37139960300,4,suburban
Pasquotank County,37139960400,4,suburban
Pasquotank County,37139960501,4,suburban
Pasquotank County,37139960502,4,suburban
Pasquotank County,37139960503,2,urban
Pasquotank County,37139960600,4,suburban
Pasquotank County,37139960701,4,suburban
Pasquotank County,37139960702,5,suburban
Pender County,37141920101,10,rural
Pender County,37141920102,10,rural
Pender County,37141920103,2,urban
Pender County,37141920201,2,urban
Pender County,37141920202,2,urban
Pender County,37141920203,2,urban
Pender County,37141920204,9,rural
Pender County,37141920300,3,suburban
Pender County,37141920401,2,urban
Pender County,37141920402,2,urban
Pender County,37141920403,2,urban
Pender County,37141920501,2,urban
Pender County,37141920502,2,urban
Pender County,37141920601,2,urban
Pender County,37141920602,2,urban
Pender County,37141990100,10,rural
Perquimans County,37143920100,5,suburban
Perquimans County,37143920201,10,rural
Perquimans County,37143920202,8,rural
Person County,37145920100,2,urban
Person County,37145920200,9,rural
Person County,37145920300,7,rural
Person County,37145920400,7,rural
Person County,37145920500,2,urban
Person County,37145920601,2,urban
Person County,37145920602,2,urban
Pitt County,37147000100,1,urban
Pitt County,37147000201,1,urban
Pitt County,37147000202,1,urban
Pitt County,37147000301,1,urban
Pitt County,37147000302,1,urban
Pitt County,37147000400,1,urban
Pitt County,37147000501,1,urban
Pitt County,37147000502,1,urban
Pitt County,37147000601,1,urban
Pitt County,37147000602,1,urban
Pitt County,37147000603,1,urban
Pitt County,37147000701,1,urban
Pitt County,37147000702,1,urban
Pitt County,37147000800,1,urban
Pitt County,37147000900,2,urban
Pitt County,37147001001,1,urban
Pitt County,37147001002,1,urban
Pitt County,37147001003,1,urban
Pitt County,37147001100,2,urban
Pitt County,37147001200,2,urban
Pitt County,37147001301,1,urban
Pitt County,37147001302,1,urban
Pitt County,37147001303,1,urban
Pitt County,37147001401,1,urban
Pitt County,37147001402,1,urban
Pitt County,37147001500,2,urban
Pitt County,37147001600,1,urban
Pitt County,37147001700,1,urban
Pitt County,37147001800,2,urban
Pitt County,37147001900,2,urban
Pitt County,37147002001,1,urban
Pitt County,37147002002,2,urban
Polk County,37149920101,3,suburban
Polk County,37149920103,2,urban
Polk County,37149920104,2,urban
Polk County,37149920200,2,urban
Polk County,37149920301,2,urban
Polk County,37149920303,2,urban
Polk County,37149920304,7,rural
Randolph County,37151030100,4,suburban
Randolph County,37151030201,4,suburban
Randolph County,37151030202,4,suburban
Randolph County,37151030301,4,suburban
Randolph County,37151030302,4,suburban
Randolph County,37151030400,4,suburban
Randolph County,37151030502,4,suburban
Randolph County,37151030503,6,rural
Randolph County,37151030504,2,urban
Randolph County,37151030600,5,suburban
Randolph County,37151030700,5,suburban
Randolph County,37151030801,5,suburban
Randolph County,37151030802,5,suburban
Randolph County,37151030900,5,suburban
Randolph County,37151031000,6,rural
Randolph County,37151031100,5,suburban
Randolph County,37151031200,3,suburban
Randolph County,37151031303,1,urban
Randolph County,37151031304,2,urban
Randolph County,37151031305,2,urban
Randolph County,37151031306,2,urban
Randolph County,37151031400,4,suburban
Randolph County,37151031501,1,urban
Randolph County,37151031503,1,urban
Randolph County,37151031504,1,urban
Randolph County,37151031505,1,urban
Randolph County,37151031601,1,urban
Randolph County,37151031602,1,urban
Richmond County,37153970100,5,suburban
Richmond County,37153970200,5,suburban
Richmond County,37153970300,4,suburban
Richmond County,37153970400,4,suburban
Richmond County,37153970500,4,suburban
Richmond County,37153970600,4,suburban
Richmond County,37153970700,4,suburban
Richmond County,37153970800,4,suburban
Richmond County,37153970900,4,suburban
Richmond County,37153971000,4,suburban
Richmond County,37153971100,5,suburban
Robeson County,37155960101,2,urban
Robeson County,37155960102,2,urban
Robeson County,37155960201,2,urban
Robeson County,37155960202,3,suburban
Robeson County,37155960300,2,urban
Robeson County,37155960401,3,suburban
Robeson County,37155960402,5,suburban
Robeson County,37155960501,10,rural
Robeson County,37155960502,5,suburban
Robeson County,37155960503,5,suburban
Robeson County,37155960600,4,suburban
Robeson County,37155960701,5,suburban
Robeson County,37155960702,4,suburban
Robeson County,37155960801,4,suburban
Robeson County,37155960802,4,suburban
Robeson County,37155960900,4,suburban
Robeson County,37155961000,4,suburban
Robeson County,37155961100,4,suburban
Robeson County,37155961200,4,suburban
Robeson County,37155961301,4,suburban
Robeson County,37155961302,4,suburban
Robeson County,37155961400,2,urban
Robeson County,37155961500,5,suburban
Robeson County,37155961601,5,suburban
Robeson County,37155961602,5,suburban
Robeson County,37155961700,5,suburban
Robeson County,37155961801,3,suburban
Robeson County,37155961802,5,suburban
Robeson County,37155961900,6,rural
Robeson County,37155962001,4,suburban
Robeson County,37155962002,3,suburban
Rockingham County,37157040101,6,rural
Rockingham County,37157040102,5,suburban
Rockingham County,37157040200,4,suburban
Rockingham County,37157040300,4,suburban
Rockingham County,37157040400,4,suburban
Rockingham County,37157040501,4,suburban
Rockingham County,37157040502,4,suburban
Rockingham County,37157040601,5,suburban
Rockingham County,37157040602,6,rural
Rockingham County,37157040700,3,suburban
Rockingham County,37157040800,7,rural
Rockingham County,37157040900,7,rural
Rockingham County,37157041001,2,urban
Rockingham County,37157041002,2,urban
Rockingham County,37157041100,6,rural
Rockingham County,37157041200,4,suburban
Rockingham County,37157041300,2,urban
Rockingham County,37157041400,4,suburban
Rockingham County,37157041500,4,suburban
Rockingham County,37157041601,2,urban
Rockingham County,37157041602,2,urban
Rowan County,37159050201,1,urban
Rowan County,37159050202,1,urban
Rowan County,37159050300,1,urban
Rowan County,37159050400,1,urban
Rowan County,37159050500,1,urban
Rowan County,37159050700,1,urban
Rowan County,37159050800,1,urban
Rowan County,37159050901,2,urban
Rowan County,37159050903,2,urban
Rowan County,37159050904,2,urban
Rowan County,37159051001,1,urban
Rowan County,37159051002,1,urban
Rowan County,37159051101,1,urban
Rowan County,37159051102,1,urban
Rowan County,37159051201,1,urban
Rowan County,37159051202,1,urban
Rowan County,37159051204,1,urban
Rowan County,37159051301,2,urban
Rowan County,37159051302,1,urban
Rowan County,37159051303,1,urban
Rowan County,37159051400,1,urban
Rowan County,37159051501,1,urban
Rowan County,37159051502,1,urban
Rowan County,37159051600,1,urban
Rowan County,37159051700,1,urban
Rowan County,37159051801,1,urban
Rowan County,37159051802,2,urban
Rowan County,37159051901,2,urban
Rowan County,37159051902,2,urban
Rowan County,37159052000,1,urban
Rutherford County,37161960100,6,rural
Rutherford County,37161960200,5,suburban
Rutherford County,37161960300,10,rural
Rutherford County,37161960400,5,suburban
Rutherford County,37161960500,4,suburban
Rutherford County,37161960600,4,suburban
Rutherford County,37161960700,4,suburban
Rutherford County,37161960800,4,suburban
Rutherford County,37161960900,4,suburban
Rutherford County,37161961000,5,suburban
Rutherford County,37161961101,4,suburban
Rutherford County,37161961102,5,suburban
Rutherford County,37161961200,5,suburban
Sampson County,37163970100,8,rural
Sampson County,37163970200,9,rural
Sampson County,37163970301,6,rural
Sampson County,37163970302,3,suburban
Sampson County,37163970400,9,rural
Sampson County,37163970500,8,rural
Sampson County,37163970600,7,rural
Sampson County,37163970700,7,rural
Sampson County,37163970800,7,rural
Sampson County,37163970900,8,rural
Sampson County,37163971000,9,rural
Scotland County,37165010101,4,suburban
Scotland County,37165010102,4,suburban
Scotland County,37165010200,4,suburban
Scotland County,37165010300,4,suburban
Scotland County,37165010400,5,suburban
Scotland County,37165010500,5,suburban
Scotland County,37165010600,5,suburban
Stanly County,37167930101,6,rural
Stanly County,37167930102,5,suburban
Stanly County,37167930200,5,suburban
Stanly County,37167930300,4,suburban
Stanly County,37167930500,4,suburban
Stanly County,37167930700,6,rural
Stanly County,37167930801,2,urban
Stanly County,37167930802,2,urban
Stanly County,37167930900,2,urban
Stanly County,37167931000,5,suburban
Stanly County,37167931100,5,suburban
Stanly County,37167931201,4,suburban
Stanly County,37167931202,4,suburban
Stokes County,37169070100,3,suburban
Stokes County,37169070200,2,urban
Stokes County,37169070300,2,urban
Stokes County,37169070400,2,urban
Stokes County,37169070501,1,urban
Stokes County,37169070503,1,urban
Stokes County,37169070504,2,urban
Stokes County,37169070600,2,urban
Stokes County,37169070700,2,urban
Surry County,37171930101,2,urban
Surry County,37171930102,5,suburban
Surry County,37171930201,4,suburban
Surry County,37171930202,4,suburban
Surry County,37171930301,4,suburban
Surry County,37171930302,4,suburban
Surry County,37171930400,4,suburban
Surry County,37171930501,4,suburban
Surry County,37171930502,4,suburban
Surry County,37171930600,4,suburban
Surry County,37171930700,5,suburban
Surry County,37171930801,5,suburban
Surry County,37171930802,9,rural
Surry County,37171930901,7,rural
Surry County,37171930902,8,rural
Surry County,37171931001,5,suburban
Surry County,37171931002,10,rural
Surry County,37171931003,3,suburban
Surry County,37171931101,2,urban
Surry County,37171931102,2,urban
Surry County,37171931103,2,urban
Surry County,37171931200,2,urban
Swain County,37173940100,10,rural
Swain County,37173960200,10,rural
Swain County,37173960301,10,rural
Swain County,37173960302,10,rural
Swain County,37173980200,10,rural
Transylvania County,37175960100,2,urban
Transylvania County,37175960200,2,urban
Transylvania County,37175960300,2,urban
Transylvania County,37175960401,2,urban
Transylvania County,37175960402,2,urban
Transylvania County,37175960500,10,rural
Transylvania County,37175960600,10,rural
Tyrrell County,37177960100,10,rural
Union County,37179020100,2,urban
Union County,37179020202,2,urban
Union County,37179020203,1,urban
Union County,37179020204,2,urban
Union County,37179020305,1,urban
Union County,37179020306,1,urban
Union County,37179020307,1,urban
Union County,37179020308,1,urban
Union County,37179020309,1,urban
Union County,37179020310,1,urban
Union County,37179020311,1,urban
Union County,37179020312,1,urban
Union County,37179020313,1,urban
Union County,37179020314,1,urban
Union County,37179020315,1,urban
Union County,37179020316,1,urban
Union County,37179020317,1,urban
Union County,37179020401,1,urban
Union County,37179020403,1,urban
Union County,37179020404,1,urban
Union County,37179020501,1,urban
Union County,37179020502,1,urban
Union County,37179020601,1,urban
Union County,37179020602,1,urban
Union County,37179020701,1,urban
Union County,37179020702,1,urban
Union County,37179020800,1,urban
Union County,37179020901,2,urban
Union County,37179020902,2,urban
Union County,37179021004,1,urban
Union County,37179021005,2,urban
Union County,37179021006,1,urban
Union County,37179021007,1,urban
Union County,37179021008,1,urban
Union County,37179021009,1,urban
Union County,37179021010,1,urban
Union County,37179021011,1,urban
Union County,37179021012,1,urban
Union County,37179021013,1,urban
Union County,37179021014,1,urban
Union County,37179021015,2,urban
Vance County,37181960100,5,suburban
Vance County,37181960200,8,rural
Vance County,37181960300,5,suburban
Vance County,37181960400,4,suburban
Vance County,37181960500,4,suburban
Vance County,37181960600,4,suburban
Vance County,37181960700,4,suburban
Vance County,37181960800,4,suburban
Vance County,37181960900,4,suburban
Vance County,37181961000,6,rural
Wake County,37183050100,1,urban
Wake County,37183050300,1,urban
Wake County,37183050400,1,urban
Wake County,37183050500,1,urban
Wake County,37183050600,1,urban
Wake County,37183050700,1,urban
Wake County,37183050800,1,urban
Wake County,37183050900,1,urban
Wake County,37183051000,1,urban
Wake County,37183051101,1,urban
Wake County,37183051102,1,urban
Wake County,37183051200,1,urban
Wake County,37183051400,1,urban
Wake County,37183051501,1,urban
Wake County,37183051502,1,urban
Wake County,37183051600,1,urban
Wake County,37183051700,1,urban
Wake County,37183051800,1,urban
Wake County,37183051900,1,urban
Wake County,37183052001,1,urban
Wake County,37183052002,1,urban
Wake County,37183052101,1,urban
Wake County,37183052102,1,urban
Wake County,37183052301,1,urban
Wake County,37183052302,1,urban
Wake County,37183052401,1,urban
Wake County,37183052404,1,urban
Wake County,37183052406,1,urban
Wake County,37183052407,1,urban
Wake County,37183052408,1,urban
Wake County,37183052409,1,urban
Wake County,37183052503,1,urban
Wake County,37183052504,1,urban
Wake County,37183052505,1,urban
Wake County,37183052506,1,urban
Wake County,37183052507,1,urban
Wake County,37183052601,1,urban
Wake County,37183052602,1,urban
Wake County,37183052603,1,urban
Wake County,37183052701,1,urban
Wake County,37183052704,1,urban
Wake County,37183052705,1,urban
Wake County,37183052706,1,urban
Wake County,37183052707,1,urban
Wake County,37183052801,1,urban
Wake County,37183052802,1,urban
Wake County,37183052803,1,urban
Wake County,37183052806,1,urban
Wake County,37183052807,1,urban
Wake County,37183052808,1,urban
Wake County,37183052809,1,urban
Wake County,37183052901,1,urban
Wake County,37183052902,1,urban
Wake County,37183052903,1,urban
Wake County,37183052904,1,urban
Wake County,37183053003,1,urban
Wake County,37183053004,1,urban
Wake County,37183053005,1,urban
Wake County,37183053006,1,urban
Wake County,37183053007,1,urban
Wake County,37183053008,1,urban
Wake County,37183053009,1,urban
Wake County,37183053105,1,urban
Wake County,37183053106,1,urban
Wake County,37183053107,1,urban
Wake County,37183053108,1,urban
Wake County,37183053109,1,urban
Wake County,37183053110,1,urban
Wake County,37183053111,1,urban
Wake County,37183053201,1,urban
Wake County,37183053202,1,urban
Wake County,37183053203,1,urban
Wake County,37183053204,1,urban
Wake County,37183053205,1,urban
Wake County,37183053206,1,urban
Wake County,37183053207,1,urban
Wake County,37183053405,1,urban
Wake County,37183053408,1,urban
Wake County,37183053409,1,urban
Wake County,37183053410,1,urban
Wake County,37183053411,1,urban
Wake County,37183053412,1,urban
Wake County,37183053413,1,urban
Wake County,37183053414,1,urban
Wake County,37183053415,1,urban
Wake County,37183053416,1,urban
Wake County,37183053417,1,urban
Wake County,37183053418,1,urban
Wake County,37183053419,1,urban
Wake County,37183053420,1,urban
Wake County,37183053421,1,urban
Wake County,37183053422,1,urban
Wake County,37183053423,1,urban
Wake County,37183053424,1,urban
Wake County,37183053425,1,urban
Wake County,37183053505,1,urban
Wake County,37183053506,1,urban
Wake County,37183053507,1,urban
Wake County,37183053509,1,urban
Wake County,37183053512,1,urban
Wake County,37183053513,1,urban
Wake County,37183053516,1,urban
Wake County,37183053517,1,urban
Wake County,37183053518,1,urban
Wake County,37183053519,1,urban
Wake County,37183053520,1,urban
Wake County,37183053521,1,urban
Wake County,37183053522,1,urban
Wake County,37183053523,1,urban
Wake County,37183053524,1,urban
Wake County,37183053525,1,urban
Wake County,37183053601,1,urban
Wake County,37183053602,1,urban
Wake County,37183053603,1,urban
Wake County,37183053604,1,urban
Wake County,37183053605,1,urban
Wake County,37183053606,1,urban
Wake County,37183053607,1,urban
Wake County,37183053608,1,urban
Wake County,37183053609,1,urban
Wake County,37183053610,1,urban
Wake County,37183053707,1,urban
Wake County,37183053709,1,urban
Wake County,37183053711,1,urban
Wake County,37183053712,1,urban
Wake County,37183053713,1,urban
Wake County,37183053714,1,urban
Wake County,37183053715,1,urban
Wake County,37183053716,1,urban
Wake County,37183053717,1,urban
Wake County,37183053718,1,urban
Wake County,37183053719,1,urban
Wake County,37183053720,1,urban
Wake County,37183053721,1,urban
Wake County,37183053722,1,urban
Wake County,37183053723,1,urban
Wake County,37183053724,1,urban
Wake County,37183053725,1,urban
Wake County,37183053726,1,urban
Wake County,37183053803,1,urban
Wake County,37183053804,1,urban
Wake County,37183053805,1,urban
Wake County,37183053806,1,urban
Wake County,37183053807,1,urban
Wake County,37183053808,1,urban
Wake County,37183053900,2,urban
Wake County,37183054001,1,urban
Wake County,37183054004,1,urban
Wake County,37183054006,1,urban
Wake County,37183054007,1,urban
Wake County,37183054008,1,urban
Wake County,37183054011,1,urban
Wake County,37183054012,1,urban
Wake County,37183054013,1,urban
Wake County,37183054014,1,urban
Wake County,37183054015,1,urban
Wake County,37183054016,1,urban
Wake County,37183054017,1,urban
Wake County,37183054018,1,urban
Wake County,37183054104,1,urban
Wake County,37183054105,1,urban
Wake County,37183054106,1,urban
Wake County,37183054108,1,urban
Wake County,37183054109,2,urban
Wake County,37183054110,1,urban
Wake County,37183054111,1,urban
Wake County,37183054112,1,urban
Wake County,37183054113,1,urban
Wake County,37183054114,1,urban
Wake County,37183054115,1,urban
Wake County,37183054203,1,urban
Wake County,37183054204,1,urban
Wake County,37183054205,1,urban
Wake County,37183054206,1,urban
Wake County,37183054207,1,urban
Wake County,37183054208,1,urban
Wake County,37183054209,1,urban
Wake County,37183054210,1,urban
Wake County,37183054211,1,urban
Wake County,37183054301,2,urban
Wake County,37183054302,2,urban
Wake County,37183054402,2,urban
Wake County,37183054403,2,urban
Wake County,37183054404,2,urban
Wake County,37183054500,1,urban
Wake County,37183980100,10,rural
Wake County,37183980200,2,urban
Warren County,37185950101,3,suburban
Warren County,37185950102,10,rural
Warren County,37185950103,2,urban
Warren County,37185950200,9,rural
Warren County,37185950300,10,rural
Warren County,37185950400,6,rural
Washington County,37187950100,10,rural
Washington County,37187950200,7,rural
Washington County,37187950300,10,rural
Watauga County,37189920100,5,suburban
Watauga County,37189920200,10,rural
Watauga County,37189920300,5,suburban
Watauga County,37189920400,4,suburban
Watauga County,37189920500,4,suburban
Watauga County,37189920601,4,suburban
Watauga County,37189920602,10,rural
Watauga County,37189920701,5,suburban
Watauga County,37189920702,5,suburban
Watauga County,37189920703,4,suburban
Watauga County,37189920800,10,rural
Watauga County,37189920900,5,suburban
Watauga County,37189921000,10,rural
Wayne County,37191000101,2,urban
Wayne County,37191000102,1,urban
Wayne County,37191000200,2,urban
Wayne County,37191000302,1,urban
Wayne County,37191000303,2,urban
Wayne County,37191000304,2,urban
Wayne County,37191000401,2,urban
Wayne County,37191000402,1,urban
Wayne County,37191000500,1,urban
Wayne County,37191000601,1,urban
Wayne County,37191000602,2,urban
Wayne County,37191000700,7,rural
Wayne County,37191000800,7,rural
Wayne County,37191000901,1,urban
Wayne County,37191000902,2,urban
Wayne County,37191001000,2,urban
Wayne County,37191001101,1,urban
Wayne County,37191001102,1,urban
Wayne County,37191001200,1,urban
Wayne County,37191001301,1,urban
Wayne County,37191001302,1,urban
Wayne County,37191001400,1,urban
Wayne County,37191001500,1,urban
Wayne County,37191001800,1,urban
Wayne County,37191001900,1,urban
Wayne County,37191002000,1,urban
Wilkes County,37193960100,8,rural
Wilkes County,37193960200,6,rural
Wilkes County,37193960300,5,suburban
Wilkes County,37193960400,5,suburban
Wilkes County,37193960500,4,suburban
Wilkes County,37193960600,4,suburban
Wilkes County,37193960700,4,suburban
Wilkes County,37193960801,5,suburban
Wilkes County,37193960802,4,suburban
Wilkes County,37193960900,5,suburban
Wilkes County,37193961001,5,suburban
Wilkes County,37193961002,4,suburban
Wilkes County,37193961100,4,suburban
Wilkes County,37193961200,5,suburban
Wilson County,37195000100,4,suburban
Wilson County,37195000200,4,suburban
Wilson County,37195000300,4,suburban
Wilson County,37195000400,4,suburban
Wilson County,37195000501,4,suburban
Wilson County,37195000502,4,suburban
Wilson County,37195000600,4,suburban
Wilson County,37195000700,4,suburban
Wilson County,37195000801,4,suburban
Wilson County,37195000802,4,suburban
Wilson County,37195000900,5,suburban
Wilson County,37195001000,5,suburban
Wilson County,37195001100,5,suburban
Wilson County,37195001200,5,suburban
Wilson County,37195001300,5,suburban
Wilson County,37195001400,4,suburban
Wilson County,37195001500,5,suburban
Wilson County,37195001600,5,suburban
Wilson County,37195001700,5,suburban
Yadkin County,37197050101,2,urban
Yadkin County,37197050102,2,urban
Yadkin County,37197050200,2,urban
Yadkin County,37197050300,7,rural
Yadkin County,37197050400,2,urban
Yadkin County,37197050501,2,urban
Yadkin County,37197050502,2,urban
Yancey County,37199960101,10,rural
Yancey County,37199960102,10,rural
Yancey County,37199960200,2,urban
Yancey County,37199960300,2,urban
Yancey County,37199960400,2,urban
